-- -- -- -- -- -- -- -- -- -- -- -- -- -- -- -- -- -- -- -- -- -- -- -- -- -- -- -- -- -- -- -- -- -- -- -- -- -- -- -- -- -- -- -- -- -- -- -- -- -- -- -- -- -- -- -- -- -- -- -- -- -- -- -- -- 
																		-- Insert value for buyers -- 
-- -- -- -- -- -- -- -- -- -- -- -- -- -- -- -- -- -- -- -- -- -- -- -- -- -- -- -- -- -- -- -- -- -- -- -- -- -- -- -- -- -- -- -- -- -- -- -- -- -- -- -- -- -- -- -- -- -- -- -- -- -- -- -- -- 
/*
-- insert value for vissan
insert into vissan (Item_id, Address, Item_name, quantity, category, Provider_Date) values (1, '45 Phu Tho province', 'mayonnaise tuna', 100, 'canned food', '2023-04-30');
insert into vissan (Item_id, Address, Item_name, quantity, category, Provider_Date) values (2, '45 Phu Tho province', 'mayonnaise chicken', 100, 'canned food', '2023-04-30');
insert into vissan (Item_id, Address, Item_name, quantity, category, Provider_Date) values (3, '45 Phu Tho province', 'Beef paste', 150, 'canned food', '2023-04-30');
insert into vissan (Item_id, Address, Item_name, quantity, category, Provider_Date) values (4, '45 Phu Tho province', 'Pork liver paste', 200, 'canned food', '2023-04-30');
insert into vissan (Item_id, Address, Item_name, quantity, category, Provider_Date) values (5, '45 Phu Tho province', 'vegan spring rolls', 100, 'frozen food', '2023-04-30');
insert into vissan (Item_id, Address, Item_name, quantity, category, Provider_Date) values (6, '45 Phu Tho province', 'seafood spring rolls', 120, 'frozen food', '2023-04-15');
insert into vissan (Item_id, Address, Item_name, quantity, category, Provider_Date) values (7, '45 Phu Tho province', 'marinated pork cutlet', 250, 'frozen food', '2023-04-15');
insert into vissan (Item_id, Address, Item_name, quantity, category, Provider_Date) values (8, '45 Phu Tho province', 'honey baby-back ribs', 130, 'frozen food', '2023-04-15');
insert into vissan (Item_id, Address, Item_name, quantity, category, Provider_Date) values (9, '45 Phu Tho province', 'dumplings', 100, 'frozen food', '2023-04-15');
insert into vissan (Item_id, Address, Item_name, quantity, category, Provider_Date) values (10, '45 Phu Tho province', 'wontons', 100, 'frozen food', '2023-04-15');

-- insert value for uniqlo

insert into uniqlo (Item_id, Address, Item_name, quantity, category, Provider_Date) values (1, '25 distric 9 Thu Duc', 't-shirt', 100, 'clothe', '2023-05-10');
insert into uniqlo (Item_id, Address, Item_name, quantity, category, Provider_Date) values (2, '25 distric 9 Thu Duc', 'tank top', 200, 'clothe', '2023-05-10');
insert into uniqlo (Item_id, Address, Item_name, quantity, category, Provider_Date) values (3, '25 distric 9 Thu Duc', 'polo shirt', 100, 'clothe', '2023-05-10');
insert into uniqlo (Item_id, Address, Item_name, quantity, category, Provider_Date) values (4, '25 distric 9 Thu Duc', 'skirt', 100, 'clothe', '2023-05-10');
insert into uniqlo (Item_id, Address, Item_name, quantity, category, Provider_Date) values (5, '25 distric 9 Thu Duc', 'dress', 100, 'clothe', '2023-05-10');
insert into uniqlo (Item_id, Address, Item_name, quantity, category, Provider_Date) values (6, '25 distric 9 Thu Duc', 'vest', 100, 'clothe', '2023-05-25');
insert into uniqlo (Item_id, Address, Item_name, quantity, category, Provider_Date) values (7, '25 distric 9 Thu Duc', 'jeans', 100, 'clothe', '2023-05-25');
insert into uniqlo (Item_id, Address, Item_name, quantity, category, Provider_Date) values (8, '25 distric 9 Thu Duc', 'trousers', 100, 'clothe', '2023-05-25');
insert into uniqlo (Item_id, Address, Item_name, quantity, category, Provider_Date) values (9, '25 distric 9 Thu Duc', 'hoodie', 100, 'clothe', '2023-05-25');
insert into uniqlo (Item_id, Address, Item_name, quantity, category, Provider_Date) values (10, '25 distric 9 Thu Duc', 'coat', 100, 'clothe', '2023-05-25');

-- insert value for mcCormick

insert into mcCormick (Item_id, Address, Item_name, quantity, category, Provider_Date) values (1, 'Thu Dau 1  Binh Duong', 'black pepper', 100, 'spices & herbs', '2023-06-7');
insert into mcCormick (Item_id, Address, Item_name, quantity, category, Provider_Date) values (2, 'Thu Dau 1  Binh Duong', 'oregano', 100, 'spices & herbs', '2023-06-7');
insert into mcCormick (Item_id, Address, Item_name, quantity, category, Provider_Date) values (3, 'Thu Dau 1  Binh Duong', 'parsley', 100, 'spices & herbs', '2023-06-7');
insert into mcCormick (Item_id, Address, Item_name, quantity, category, Provider_Date) values (4, 'Thu Dau 1  Binh Duong', 'thyme', 100, 'spices & herbs', '2023-06-7');
insert into mcCormick (Item_id, Address, Item_name, quantity, category, Provider_Date) values (5, 'Thu Dau 1  Binh Duong', 'garlic powder', 100, 'spices & herbs', '2023-06-24');
insert into mcCormick (Item_id, Address, Item_name, quantity, category, Provider_Date) values (6, 'Thu Dau 1  Binh Duong', 'onion power', 100, 'spices & herbs', '2023-06-24');
insert into mcCormick (Item_id, Address, Item_name, quantity, category, Provider_Date) values (7, 'Thu Dau 1  Binh Duong', 'italian seasoning', 100, 'spices & herbs', '2023-06-24');
insert into mcCormick (Item_id, Address, Item_name, quantity, category, Provider_Date) values (8, 'Thu Dau 1  Binh Duong', 'paprika', 100, 'spices & herbs', '2023-06-24');
insert into mcCormick (Item_id, Address, Item_name, quantity, category, Provider_Date) values (9, 'Thu Dau 1  Binh Duong', 'nutmeg powder', 100, 'spices & herbs','2023-06-24');
insert into mcCormick (Item_id, Address, Item_name, quantity, category, Provider_Date) values (10, 'Thu Dau 1  Binh Duong', 'rosemary', 100, 'spices & herbs', '2023-06-24');

-- insert value for coca_cola

insert into coca_cola (Item_id, Address, Item_name, quantity, category, Provider_Date) values (1, '81 Nguyen Du street distric 1', 'coca cola', 500, 'beverage', '2023-06-7');
insert into coca_cola (Item_id, Address, Item_name, quantity, category, Provider_Date) values (2, '81 Nguyen Du street distric 1', 'sprite', 500, 'beverage', '2023-06-7');
insert into coca_cola (Item_id, Address, Item_name, quantity, category, Provider_Date) values (3, '81 Nguyen Du street distric 1', 'dasani', 500, 'beverage', '2023-06-7');
insert into coca_cola (Item_id, Address, Item_name, quantity, category, Provider_Date) values (4, '81 Nguyen Du street distric 1', 'fanta', 500, 'beverage', '2023-06-7');
insert into coca_cola (Item_id, Address, Item_name, quantity, category, Provider_Date) values (5, '81 Nguyen Du street distric 1', 'aquarius', 500, 'beverage', '2023-06-7');
insert into coca_cola (Item_id, Address, Item_name, quantity, category, Provider_Date) values (6, '81 Nguyen Du street distric 1', 'orange nutriboost', 130, 'beverage', '2023-06-7');
insert into coca_cola (Item_id, Address, Item_name, quantity, category, Provider_Date) values (7, '81 Nguyen Du street distric 1', 'strawberry nutriboost', 130, 'beverage', '2023-06-7');
insert into coca_cola (Item_id, Address, Item_name, quantity, category, Provider_Date) values (8, '81 Nguyen Du street distric 1', 'lemongrass fuze tea', 137, 'beverage', '2023-06-7');
insert into coca_cola (Item_id, Address, Item_name, quantity, category, Provider_Date) values (9, '81 Nguyen Du street distric 1', 'passion fuze tea', 100, 'beverage', '2023-06-7');
insert into coca_cola (Item_id, Address, Item_name, quantity, category, Provider_Date) values (10, '81 Nguyen Du street distric 1', 'peach fuze tea', 100, 'beverage', '2023-06-7');

-- insert value for enchanteur

insert into enchanteur (Item_id, Address, Item_name, quantity, category, Provider_Date) values (1, '25 Nguyen Ha Ki', 'MAGIC body lotion', 200, 'toiletry', '2023-07-7');
insert into enchanteur (Item_id, Address, Item_name, quantity, category, Provider_Date) values (2, '25 Nguyen Ha Ki', 'DELIGHTFUL body lotion', 200, 'toiletry', '2023-07-7');
insert into enchanteur (Item_id, Address, Item_name, quantity, category, Provider_Date) values (3, '25 Nguyen Ha Ki', 'CHARMING body lotion', 200, 'toiletry', '2023-07-7');
insert into enchanteur (Item_id, Address, Item_name, quantity, category, Provider_Date) values (4, '25 Nguyen Ha Ki', 'SENSATION body lotion', 200, 'toiletry', '2023-07-7');
insert into enchanteur (Item_id, Address, Item_name, quantity, category, Provider_Date) values (5, '25 Nguyen Ha Ki', 'ROMANTIC bodylotion', 200, 'toiletry', '2023-07-7');
insert into enchanteur (Item_id, Address, Item_name, quantity, category, Provider_Date) values (6, '25 Nguyen Ha Ki', 'Naturelle Lavender body conditioner', 200, 'toiletry', '2023-07-7');
insert into enchanteur (Item_id, Address, Item_name, quantity, category, Provider_Date) values (7, '25 Nguyen Ha Ki', 'Naturelle Iris body conditioner', 200, 'toiletry', '2023-07-7');
insert into enchanteur (Item_id, Address, Item_name, quantity, category, Provider_Date) values (8, '25 Nguyen Ha Ki', 'Signature shampoo', 200, 'toiletry', '2023-07-7');
insert into enchanteur (Item_id, Address, Item_name, quantity, category, Provider_Date) values (9, '25 Nguyen Ha Ki', 'Pocket perfume', 200, 'perfume', '2023-07-7');
insert into enchanteur (Item_id, Address, Item_name, quantity, category, Provider_Date) values (10, '25 Nguyen Ha Ki', 'signature conditioner', 200, 'toiletry', '2023-07-7');

-- insert value for laFonte

insert into laFonte (Item_id, Address, Item_name, quantity, category, Provider_Date) values (1, '25 Nguyen Ha Ki', 'spatula', 200, 'kitchenware', '2023-08-12');
insert into laFonte (Item_id, Address, Item_name, quantity, category, Provider_Date) values (2, '25 Nguyen Ha Ki', 'whisk', 200, 'kitchenware', '2023-08-12');
insert into laFonte (Item_id, Address, Item_name, quantity, category, Provider_Date) values (3, '25 Nguyen Ha Ki', 'thongs', 200, 'kitchenware', '2023-08-12');
insert into laFonte (Item_id, Address, Item_name, quantity, category, Provider_Date) values (4, '25 Nguyen Ha Ki', 'wine opener', 200, 'kitchenware', '2023-08-12');
insert into laFonte (Item_id, Address, Item_name, quantity, category, Provider_Date) values (5, '25 Nguyen Ha Ki', 'pepper grinder', 200, 'kitchenware', '2023-08-12');
insert into laFonte (Item_id, Address, Item_name, quantity, category, Provider_Date) values (6, '25 Nguyen Ha Ki', 'non-stick pan', 200, 'kitchenware', '2023-08-12');
insert into laFonte (Item_id, Address, Item_name, quantity, category, Provider_Date) values (7, '25 Nguyen Ha Ki', 'straws', 200, 'kitchenware', '2023-08-12');
insert into laFonte (Item_id, Address, Item_name, quantity, category, Provider_Date) values (8, '25 Nguyen Ha Ki', 'cutting board', 200, 'kitchenware', '2023-08-12');
insert into laFonte (Item_id, Address, Item_name, quantity, category, Provider_Date) values (9, '25 Nguyen Ha Ki', 'grater', 200, 'kitchenware', '2023-08-12');
insert into laFonte (Item_id, Address, Item_name, quantity, category, Provider_Date) values (10, '25 Nguyen Ha Ki', 'scissor', 200, 'kitchenware', '2023-08-12');

-- insert value for gKitchen

insert into gKitchen (Item_id, Address, Item_name, quantity, category, Provider_Date) values (1, '22 Le Quy Don', 'tomato sauce meatballs', 200, 'frozen food', '2023-09-18');
insert into gKitchen (Item_id, Address, Item_name, quantity, category, Provider_Date) values (2, '22 Le Quy Don', 'peppercorns', 200, 'spices & herbs', '2023-09-18');
insert into gKitchen (Item_id, Address, Item_name, quantity, category, Provider_Date) values (3, '22 Le Quy Don', 'HongKong spring rolls', 200, 'frozen food', '2023-09-18');
insert into gKitchen (Item_id, Address, Item_name, quantity, category, Provider_Date) values (4, '22 Le Quy Don', 'butter paste', 200, 'canned food', '2023-09-18');
insert into gKitchen (Item_id, Address, Item_name, quantity, category, Provider_Date) values (5, '22 Le Quy Don', 'smoked sausages', 200, 'frozen food', '2023-09-18');
insert into gKitchen (Item_id, Address, Item_name, quantity, category, Provider_Date) values (6, '22 Le Quy Don', 'fish balls', 200, 'frozen food', '2023-09-18');
insert into gKitchen (Item_id, Address, Item_name, quantity, category, Provider_Date) values (7, '22 Le Quy Don', 'pork patties', 200, 'frozen food', '2023-09-27');
insert into gKitchen (Item_id, Address, Item_name, quantity, category, Provider_Date) values (8, '22 Le Quy Don', 'cheese sticks', 200, 'frozen food', '2023-09-27');
insert into gKitchen (Item_id, Address, Item_name, quantity, category, Provider_Date) values (9, '22 Le Quy Don', 'Thai hotpot', 200, 'frozen food', '2023-09-27');
insert into gKitchen (Item_id, Address, Item_name, quantity, category, Provider_Date) values (10, '22 Le Quy Don', 'mushroom hotpot', 200, 'frozen food', '2023-09-27');

--  insert value for DaLatGAP

insert into DaLatGAP (Item_id, Address, Item_name, quantity, category, Provider_Date) values (1, '154/B Ly Thuong Kiet', 'cabbage', 200, 'produce', '2023-10-5');
insert into DaLatGAP (Item_id, Address, Item_name, quantity, category, Provider_Date) values (2, '154/B Ly Thuong Kiet', 'carrot', 200, 'produce', '2023-10-5');
insert into DaLatGAP (Item_id, Address, Item_name, quantity, category, Provider_Date) values (3, '154/B Ly Thuong Kiet', 'potato', 200, 'produce', '2023-10-5');
insert into DaLatGAP (Item_id, Address, Item_name, quantity, category, Provider_Date) values (4, '154/B Ly Thuong Kiet', 'pumpkin', 200, 'produce', '2023-10-5');
insert into DaLatGAP (Item_id, Address, Item_name, quantity, category, Provider_Date) values (5, '154/B Ly Thuong Kiet', 'lettuce', 200, 'produce', '2023-10-5');
insert into DaLatGAP (Item_id, Address, Item_name, quantity, category, Provider_Date) values (6, '154/B Ly Thuong Kiet', 'onion', 200, 'produce', '2023-10-5');
insert into DaLatGAP (Item_id, Address, Item_name, quantity, category, Provider_Date) values (7, '154/B Ly Thuong Kiet', 'zucchini', 200, 'produce', '2023-10-27');
insert into DaLatGAP (Item_id, Address, Item_name, quantity, category, Provider_Date) values (8, '154/B Ly Thuong Kiet', 'spinach', 200, 'produce', '2023-10-27');
insert into DaLatGAP (Item_id, Address, Item_name, quantity, category, Provider_Date) values (9, '154/B Ly Thuong Kiet', 'cauliflower', 200, 'produce', '2023-10-27');
insert into DaLatGAP (Item_id, Address, Item_name, quantity, category, Provider_Date) values (10, '154/B Ly Thuong Kiet', 'broccoli', 200, 'produce', '2023-10-27');

--  insert value for co_op

insert into co_op (Item_id, Address, Item_name, quantity, category, Provider_Date) values (1, '30 Nguyen Chu Trinh', 'st25 rice', 200, 'produce', '2023-11-14');
insert into co_op (Item_id, Address, Item_name, quantity, category, Provider_Date) values (2, '30 Nguyen Chu Trinh', 'stainless steel pan', 200, 'kitchenware', '2023-11-14');
insert into co_op (Item_id, Address, Item_name, quantity, category, Provider_Date) values (3, '30 Nguyen Chu Trinh', 'dried shrimp', 200, 'frozen food', '2023-11-14');
insert into co_op (Item_id, Address, Item_name, quantity, category, Provider_Date) values (4, '30 Nguyen Chu Trinh', 'canned corn', 200, 'canned food', '2023-11-14');
insert into co_op (Item_id, Address, Item_name, quantity, category, Provider_Date) values (5, '30 Nguyen Chu Trinh', 'steel pot', 200, 'kitchenware', '2023-11-14');
insert into co_op (Item_id, Address, Item_name, quantity, category, Provider_Date) values (6, '30 Nguyen Chu Trinh', 'msg', 200, 'spices & herbs', '2023-11-14');
insert into co_op (Item_id, Address, Item_name, quantity, category, Provider_Date) values (7, '30 Nguyen Chu Trinh', 'shorts', 200, 'clothe', '2023-11-29');
insert into co_op (Item_id, Address, Item_name, quantity, category, Provider_Date) values (8, '30 Nguyen Chu Trinh', 'soap', 200, 'toiletry', '2023-11-29');
insert into co_op (Item_id, Address, Item_name, quantity, category, Provider_Date) values (9, '30 Nguyen Chu Trinh', 'tie', 200, 'clothe', '2023-11-29');
insert into co_op (Item_id, Address, Item_name, quantity, category, Provider_Date) values (10, '30 Nguyen Chu Trinh', 'plastic wrap', 200, 'kitchenware', '2023-11-29');

--  insert value for pepsico

insert into pepsico (Item_id, Address, Item_name, quantity, category, Provider_Date) values (1, '30 Hai Ba Trung', 'pepsi', 200, 'beverage', '2023-12-14');
insert into pepsico (Item_id, Address, Item_name, quantity, category, Provider_Date) values (2, '30 Hai Ba Trung', 'sting', 200, 'beverage', '2023-12-14');
insert into pepsico (Item_id, Address, Item_name, quantity, category, Provider_Date) values (3, '30 Hai Ba Trung', '7up', 200, 'beverage', '2023-12-14');
insert into pepsico (Item_id, Address, Item_name, quantity, category, Provider_Date) values (4, '30 Hai Ba Trung', 'aquafina', 200, 'beverage', '2023-12-14');
insert into pepsico (Item_id, Address, Item_name, quantity, category, Provider_Date) values (5, '30 Hai Ba Trung', 'lipton tea', 200, 'beverage', '2023-12-14');
insert into pepsico (Item_id, Address, Item_name, quantity, category, Provider_Date) values (6, '30 Hai Ba Trung', 'twister', 200, 'beverage', '2023-12-14');
insert into pepsico (Item_id, Address, Item_name, quantity, category, Provider_Date) values (7, '30 Hai Ba Trung', 'revive', 200, 'beverage', '2023-12-14');
insert into pepsico (Item_id, Address, Item_name, quantity, category, Provider_Date) values (8, '30 Hai Ba Trung', 'mirinda', 200, 'beverage', '2023-12-14');
insert into pepsico (Item_id, Address, Item_name, quantity, category, Provider_Date) values (9, '30 Hai Ba Trung', 'mountain dew', 200, 'beverage', '2023-12-14');
insert into pepsico (Item_id, Address, Item_name, quantity, category, Provider_Date) values (10, '30 Hai Ba Trung', 'tea+', 200, 'beverage', '2023-12-14');*/

insert into Provider(Pid, Pname, Paddress, Pdate) values (1, 'Vissan', '45 Phu Tho province', '2023-04-30');
insert into Provider(Pid, Pname, Paddress, Pdate) values (2, 'Uniqlo', '25 distric 9 Thu Duc', '2023-05-10');
insert into Provider(Pid, Pname, Paddress, Pdate) values (3, 'McCormick', '25 distric 9 Thu Duc', '2023-06-7');
insert into Provider(Pid, Pname, Paddress, Pdate) values (4, 'Coca_cola', '25 distric 9 Thu Duc', '2023-07-7');
insert into Provider(Pid, Pname, Paddress, Pdate) values (5, 'Enchanteur', '25 distric 9 Thu Duc', '2023-08-12');
insert into Provider(Pid, Pname, Paddress, Pdate) values (6, 'LaFonte', '25 distric 9 Thu Duc', '2023-09-18');
insert into Provider(Pid, Pname, Paddress, Pdate) values (7, 'GKitchen', '25 distric 9 Thu Duc', '2023-09-27');
insert into Provider(Pid, Pname, Paddress, Pdate) values (8, 'DaLatGAP', '25 distric 9 Thu Duc', '2023-10-5');
insert into Provider(Pid, Pname, Paddress, Pdate) values (9, 'Co_op', '25 distric 9 Thu Duc', '2023-11-29');
insert into Provider(Pid, Pname, Paddress, Pdate) values (10, 'Pepsico', '25 distric 9 Thu Duc', '2023-12-14');

/*insert into Provider(Pid, Pname, Paddress, Pdate) values (1, 'Vissan', '45 Phu Tho province', to_date('2023-04-30','YYYY-MM-DD'));
insert into Provider(Pid, Pname, Paddress, Pdate) values (2, 'Uniqlo', '25 distric 9 Thu Duc', to_date('2023-05-10','YYYY-MM-DD'));
insert into Provider(Pid, Pname, Paddress, Pdate) values (3, 'McCormick', '25 distric 9 Thu Duc', to_date('2023-06-7','YYYY-MM-DD'));
insert into Provider(Pid, Pname, Paddress, Pdate) values (4, 'Coca_cola', '25 distric 9 Thu Duc', to_date('2023-07-7','YYYY-MM-DD'));
insert into Provider(Pid, Pname, Paddress, Pdate) values (5, 'Enchanteur', '25 distric 9 Thu Duc', to_date('2023-08-12','YYYY-MM-DD'));
insert into Provider(Pid, Pname, Paddress, Pdate) values (6, 'LaFonte', '25 distric 9 Thu Duc', to_date('2023-09-18','YYYY-MM-DD'));
insert into Provider(Pid, Pname, Paddress, Pdate) values (7, 'GKitchen', '25 distric 9 Thu Duc', to_date('2023-09-27','YYYY-MM-DD'));
insert into Provider(Pid, Pname, Paddress, Pdate) values (8, 'DaLatGAP', '25 distric 9 Thu Duc', to_date('2023-10-5','YYYY-MM-DD'));
insert into Provider(Pid, Pname, Paddress, Pdate) values (9, 'Co_op', '25 distric 9 Thu Duc', to_date('2023-11-29','YYYY-MM-DD'));
insert into Provider(Pid, Pname, Paddress, Pdate) values (10, 'Pepsico', '25 distric 9 Thu Duc', to_date('2023-12-14','YYYY-MM-DD'));*/
-- -- -- -- -- -- -- -- -- -- -- -- -- -- -- -- -- -- -- -- -- -- -- -- -- -- -- -- -- -- -- -- -- -- -- -- -- -- -- -- -- -- -- -- -- -- -- -- -- -- -- -- -- -- -- -- -- -- -- -- -- -- -- -- -- 
																		-- Insert value for ItemList-- 
-- -- -- -- -- -- -- -- -- -- -- -- -- -- -- -- -- -- -- -- -- -- -- -- -- -- -- -- -- -- -- -- -- -- -- -- -- -- -- -- -- -- -- -- -- -- -- -- -- -- -- -- -- -- -- -- -- -- -- -- -- -- -- -- -- 

insert into ItemList(Iid, Iname, category, Pname) values (1, 'mayonnaise tuna', 'canned food', 'Vissan');
insert into ItemList(Iid, Iname, category, Pname) values (2, 'tank top', 'clothe', 'Uniqlo');
insert into ItemList(Iid, Iname, category, Pname) values (3, 'garlic powder', 'spices & herbs', 'McCormick');
insert into ItemList(Iid, Iname, category, Pname) values (4, 'pepsi', 'beverage', 'Pepsico');
insert into ItemList(Iid, Iname, category, Pname) values (5, 'plastic wrap', 'kitchenware', 'Co_op');




-- -- -- -- -- -- -- -- -- -- -- -- -- -- -- -- -- -- -- -- -- -- -- -- -- -- -- -- -- -- -- -- -- -- -- -- -- -- -- -- -- -- -- -- -- -- -- -- -- -- -- -- -- -- -- -- -- -- -- -- 
																			-- insert value for STOCK -- 
-- -- -- -- -- -- -- -- -- -- -- -- -- -- -- -- -- -- -- -- -- -- -- -- -- -- -- -- -- -- -- -- -- -- -- -- -- -- -- -- -- -- -- -- -- -- -- -- -- -- -- -- -- -- -- -- -- -- -- -- 



insert into stock(item_Id, item_name, category, amount, cost, price) values (1, 'mayonnaise tuna','canned food', 500, 15, 25);
insert into stock(item_Id, item_name, category, amount, cost, price) values (2, 'mayonnaise chicken','canned food', 500, 15, 25);
insert into stock(item_Id, item_name, category, amount, cost, price) values (3, 'Beef paste','canned food', 500, 20, 35);
insert into stock(item_Id, item_name, category, amount, cost, price) values (4, 'Pork liver paste','canned food', 500, 20, 30);
insert into stock(item_Id, item_name, category, amount, cost, price) values (5, 'vegan spring rolls','frozen food', 500, 10, 18);
insert into stock(item_Id, item_name, category, amount, cost, price) values (6, 'seafood spring rolls','frozen food', 500, 24, 38);
insert into stock(item_Id, item_name, category, amount, cost, price) values (7, 'marinated pork cutlet','frozen food', 500, 20, 28);
insert into stock(item_Id, item_name, category, amount, cost, price) values (8, 'honey baby-back ribs','frozen food', 500, 38, 50);
insert into stock(item_Id, item_name, category, amount, cost, price) values (9, 'dumplings','frozen food', 500, 8, 15);
insert into stock(item_Id, item_name, category, amount, cost, price) values (10, 'wontons','frozen food', 500, 5, 7.5);
insert into stock(item_Id, item_name, category, amount, cost, price) values (11, 't-shirt','clothe', 500, 50, 70);
insert into stock(item_Id, item_name, category, amount, cost, price) values (12, 'tank top','clothe', 500, 3.5, 25);
insert into stock(item_Id, item_name, category, amount, cost, price) values (13, 'polo shirt','clothe', 500, 50, 70);
insert into stock(item_Id, item_name, category, amount, cost, price) values (14, 'skirt','clothe', 500, 15, 50);
insert into stock(item_Id, item_name, category, amount, cost, price) values (15, 'dress','clothe', 500, 15, 60);
insert into stock(item_Id, item_name, category, amount, cost, price) values (16, 'vest','clothe', 500, 100, 220);
insert into stock(item_Id, item_name, category, amount, cost, price) values (17, 'jeans','clothe', 500, 35, 49);
insert into stock(item_Id, item_name, category, amount, cost, price) values (18, 'trousers','clothe', 500, 56, 100);
insert into stock(item_Id, item_name, category, amount, cost, price) values (19, 'hoodie','clothe', 500, 27, 60);
insert into stock(item_Id, item_name, category, amount, cost, price) values (20, 'coat','clothe', 500, 100, 200); 


-- -- -- -- -- -- -- -- -- -- -- -- -- -- -- -- -- -- -- -- -- -- -- -- -- -- -- -- -- -- -- -- -- -- -- -- -- -- -- -- -- -- -- -- -- -- -- -- -- -- -- -- -- -- -- -- -- -- -- -- 
																				-- Insert value for Customer -- 
-- -- -- -- -- -- -- -- -- -- -- -- -- -- -- -- -- -- -- -- -- -- -- -- -- -- -- -- -- -- -- -- -- -- -- -- -- -- -- -- -- -- -- -- -- -- -- -- -- -- -- -- -- -- -- -- -- -- -- -- 

insert into customer(Customer_id, Customer_name, Address, Item_name, Required_amount) values (1, 'Nguyen Tien', '150A Hoang Van Thuan', 'polo shirt', 50);
insert into customer(Customer_id, Customer_name, Address, Item_name, Required_amount) values (2, 'Nguyen Van A', '60 Nguyen Trai', 'Beef paste', 130);
insert into customer(Customer_id, Customer_name, Address, Item_name, Required_amount) values (3, 'Ly Ngoc Hoang', '25 Nguyen Van Hoa', 'vest', 100);
insert into customer(Customer_id, Customer_name, Address, Item_name, Required_amount) values (4, 'Nguyen Kiet', '32 Hai Ba Trung', 'polo shirt', 200);
insert into customer(Customer_id, Customer_name, Address, Item_name, Required_amount) values (5, 'Ly Thai Tong', '90 Thu Duc', 'dumplings', 150);
insert into customer(Customer_id, Customer_name, Address, Item_name, Required_amount) values (6, 'Le Van Luong', '15A Binh Thanh', 'polo shirt', 100);
insert into customer(Customer_id, Customer_name, Address, Item_name, Required_amount) values (7, 'Huynh Duy Anh', '31 Ngoc Ha', 'mayonnaise tuna', 50);
insert into customer(Customer_id, Customer_name, Address, Item_name, Required_amount) values (8, 'Nguyen Mai Que Chi', '5 Vo Thi Sau', 'skirt', 100);
insert into customer(Customer_id, Customer_name, Address, Item_name, Required_amount) values (9, 'Ho Thai Anh', '43 Ho Van Tru', 'polo shirt', 100);
insert into customer(Customer_id, Customer_name, Address, Item_name, Required_amount) values (10, 'Nguyen Mai', '32 Ly Thuong Kiet', 'dress', 130);


-- -- -- -- -- -- -- -- -- -- -- -- -- -- -- -- -- -- -- -- -- -- -- -- -- -- -- -- -- -- -- -- -- -- -- -- -- -- -- -- -- -- -- -- -- -- -- -- -- -- -- -- -- -- -- -- -- -- -- -- 
																				-- Insert value for ListOfPayment -- 
-- -- -- -- -- -- -- -- -- -- -- -- -- -- -- -- -- -- -- -- -- -- -- -- -- -- -- -- -- -- -- -- -- -- -- -- -- -- -- -- -- -- -- -- -- -- -- -- -- -- -- -- -- -- -- -- -- -- -- -- 

insert into ListOfPayment(Customer_id, Money_paid, Money_pending) values (1, 0, 0.0 );
insert into ListOfPayment(Customer_id, Money_paid, Money_pending) values (2, 0, 0.0 );
insert into ListOfPayment(Customer_id, Money_paid, Money_pending) values (3, 1, 0.0 );
insert into ListOfPayment(Customer_id, Money_paid, Money_pending) values (4, 0, 0.0 );
insert into ListOfPayment(Customer_id, Money_paid, Money_pending) values (5, 0, 0.0 );
insert into ListOfPayment(Customer_id, Money_paid, Money_pending) values (6, 0, 0.0 );
insert into ListOfPayment(Customer_id, Money_paid, Money_pending) values (7, 1, 0.0 );
insert into ListOfPayment(Customer_id, Money_paid, Money_pending) values (8, 0, 0.0 );
insert into ListOfPayment(Customer_id, Money_paid, Money_pending) values (9, 0, 0.0 );
insert into ListOfPayment(Customer_id, Money_paid, Money_pending) values (10, 1, 0.0 );
